{
  "mainAssemblyName": "cliente_blazor",
  "resources": {
    "hash": "sha256-UT8qem0U+6dUxNiOhx9c0VqbmccS7b2sC2dm7UQswX4=",
    "jsModuleNative": {
      "dotnet.native.8.0.5.q35cvfz7q0.js": "sha256-boyHe+0RMZDkzBKGhsrnXPhPg3oZ6UqJnTUzngJPjNY="
    },
    "jsModuleRuntime": {
      "dotnet.runtime.8.0.5.vhjr7s1yce.js": "sha256-5oi05+Ql/1JzyAphppAHmbRquli4a3/0XLMa8mQDKn8="
    },
    "wasmNative": {
      "dotnet.native.wasm": "sha256-b3QtgAqvT5FoNyYgoEYsdE4zF5C1Is6lhQ8VEkROor8="
    },
    "icu": {
      "icudt_CJK.dat": "sha256-SZLtQnRc0JkwqHab0VUVP7T3uBPSeYzxzDnpxPpUnHk=",
      "icudt_EFIGS.dat": "sha256-8fItetYY8kQ0ww6oxwTLiT3oXlBwHKumbeP2pRF4yTc=",
      "icudt_no_CJK.dat": "sha256-L7sV7NEYP37/Qr2FPCePo5cJqRgTXRwGHuwF5Q+0Nfs="
    },
    "assembly": {
      "cliente_blazor.wasm": "sha256-j5n/4Mf+r4wnEU/skODnKDnbH8JJk2g3QvxRPTW4H0s=",
      "Microsoft.AspNetCore.Components.wasm": "sha256-HjDGGminMNwfrY2e3hrFGK3MVX+3Re7Yr5oRzG/se6A=",
      "Microsoft.AspNetCore.Components.Web.wasm": "sha256-4tmx4uC98MyKjCuM9ErBZwXpqkLx4fwVZfJQIv+Y0+A=",
      "Microsoft.AspNetCore.Components.WebAssembly.wasm": "sha256-+lXK+NMu5HUAsI0o2o3C83SXMRnAXURoSGpkLxgzUMg=",
      "Microsoft.Extensions.Configuration.Abstractions.wasm": "sha256-87sn2TYqgdZ95sXmavjKEzoEfMgHnYQ9LOvnMX+aZcI=",
      "Microsoft.Extensions.Configuration.Json.wasm": "sha256-Sxmy2ZS134URxbHEvdbS6NcQ3zXS7UWx/5ZPpwiW7FA=",
      "Microsoft.Extensions.Configuration.wasm": "sha256-jYqHUZ07UYWc8POk7xhas6xQYH7t1qoTcylqoDqncJk=",
      "Microsoft.Extensions.DependencyInjection.Abstractions.wasm": "sha256-0HROqFLSjLklwMzRL0lD7lrP6nKws8gtZ4X47AHJFrc=",
      "Microsoft.Extensions.DependencyInjection.wasm": "sha256-gg8xZqJsBBrrNEyUGzYqhL3sqkuZ4AHAvdTdL9nZ0S0=",
      "Microsoft.Extensions.Logging.Abstractions.wasm": "sha256-LcaPEaPNm7pFT9kZyDHfXsV4Z9cGFGu7KFdL3o3UQks=",
      "Microsoft.Extensions.Logging.wasm": "sha256-8BH+kQfjYuZWxprOICXJ4+tU0OdJOYDKN7G0S3zYYHI=",
      "Microsoft.Extensions.Options.wasm": "sha256-ezKJDNjeghS/qMdQmUpBPdH7bCDLrqkNqS6RsLxlpOY=",
      "Microsoft.Extensions.Primitives.wasm": "sha256-6187ynEahDlSLMBvD4vAmiLpZ3clRb5xu6rM7O8AxNo=",
      "Microsoft.JSInterop.wasm": "sha256-DOtnQ3+rR9fdahebbFqXxx60H7B8jR03AaYj4y/r7z4=",
      "Microsoft.JSInterop.WebAssembly.wasm": "sha256-nJo9AftA2/mHxtXapqHsgjzQgIHOpue2DnVtxkgTSME=",
      "System.Collections.Concurrent.wasm": "sha256-hcJzzCFysdsZwkKtaDyF6EsGEfMnqT9u7dGZXk0jTMc=",
      "System.Collections.wasm": "sha256-CXxzePtFC32O9QjiFXad9xyRibYYoKbOPuqxO3p3NWs=",
      "System.ComponentModel.wasm": "sha256-RLeTQOOEEy4QXGeQLyLNY8k+aaF4W/EDE4Gx/TW+zxY=",
      "System.Console.wasm": "sha256-OZoWKIPeovMtOTfqkx6qiCyxK2tmd1t8QMeuoa9rIgA=",
      "System.Diagnostics.DiagnosticSource.wasm": "sha256-PhWuJsnPolBvHLRVNAGqwS6T8LCPm8n6pPha87lQG04=",
      "System.Linq.wasm": "sha256-v39hSGx8CsUgAqL3NRWe3trI4NAE178m9StCanXndjY=",
      "System.Memory.wasm": "sha256-9HUy4gMJdNTLo7N0VwoI8QasP0gpyKztKnHbnQcS3e8=",
      "System.Net.Http.Json.wasm": "sha256-IMIgbyZcLFbZ3OEGHSTShj2hre/AHu8Z1mWZZsaIdo0=",
      "System.Net.Http.wasm": "sha256-guvdhObZuAKVGZlF3GTnSumky2KLTSimFOXHKm4/uDk=",
      "System.Net.Primitives.wasm": "sha256-pe2ts7Re+Rwt6KzGosBQFy7487Iz3gRoalehJ/NzCaE=",
      "System.Private.CoreLib.wasm": "sha256-GltElOvTXyKmoEE6bvfwb8nUEwkhkmyfcYXHYLWowrg=",
      "System.Private.Uri.wasm": "sha256-4p8z6viswjNDNk6i45BTVqymXUdcVKPaKjcPlWBKXEs=",
      "System.Runtime.InteropServices.JavaScript.wasm": "sha256-sNaVmHWh4d4fAAq8MnXbN95X6doWzK99NK7E6wghB1Q=",
      "System.Runtime.wasm": "sha256-XXoQkK4bbPKjjcudkC4S3N9Brs0kWNXMIJRBZMCkJ4w=",
      "System.Text.Encodings.Web.wasm": "sha256-V69v6JYAgTsrgM4epAyn/+1+KjM60Hxzokb2hKtbPt0=",
      "System.Text.Json.wasm": "sha256-9CbvWH2q8BjyUcyAFg0e9qSPJLl/KTZIOXgLi3RXpdI=",
      "System.Text.RegularExpressions.wasm": "sha256-o6Ef/uOI9sFxJXKnXQbJnRMbcIIJ/ZFdc4fFqA9wu7Y="
    }
  },
  "cacheBootResources": true,
  "debugLevel": 0,
  "linkerEnabled": true,
  "globalizationMode": "sharded",
  "extensions": {
    "blazor": {}
  }
}